Fecha Hora,Disk Read,Disk Write,Disk Transfer,Processor Time,User Time,idle Time,NETWORKIN,NETWORKOUT,NETWORKTOTAL,Memory Intalled,MemoryUsed,
2016/08/17 13:45:10,3.99762479693761,8.99270501339465,3.00154148547018,11.8139204170859,5.07580289597799,78.998093845497,5.713299920272188E-5,1.0475377184226418E-4,5.7091978685595706E-5,12288,5977,

