Fecha Hora,Disk Read,Disk Write,Disk Transfer,Processor Time,User Time,idle Time,NETWORKIN,NETWORKOUT,NETWORKTOTAL,Memory Intalled,MemoryUsed,
2016/08/16 23:06:17,0,89.974519054275,0,4.35149529618588,1.56174848662823,90.1232488685612,0.0,1.4093961949566077E-4,0.0,12288,5851,

